# DyRoBeS equivalent shaft scheme (Tab. 2), Baker Hughes SOA700000035 rev 0, P-2616F 10x16 MSND/7stg
# sub<0: conical sub-element, "mass" columns = LEFT end diameters, "stiffness" columns = RIGHT end diameters
# sub>0: cylindrical sub-element, mass and stiffness diameters
element,sub,left_loc_mm,length_mm,mass_id_mm,mass_od_mm,stiff_id_mm,stiff_od_mm
1,-1,0.000,1.5000,0.0000,22.4000,0.0000,25.4000
1,2,1.500,13.7000,0.0000,25.4000,0.0000,25.4000
2,1,15.200,13.7000,0.0000,25.4000,0.0000,25.4000
3,-1,28.900,3.0000,0.0000,25.4000,0.0000,31.4000
3,-2,31.900,3.0000,0.0000,51.1500,0.0000,57.1500
4,1,34.900,47.9950,0.0000,57.1500,0.0000,57.1500
5,1,82.895,25.5000,0.0000,59.9419,0.0000,59.9419
5,2,108.395,3.0000,0.0000,58.0019,0.0000,58.0019
6,1,111.395,9.8050,0.0000,63.5000,0.0000,63.5000
7,1,121.200,33.6950,0.0000,63.5000,0.0000,63.5000
8,1,154.895,3.0000,0.0000,61.3343,0.0000,61.3343
8,-2,157.895,3.0000,0.0000,73.3700,0.0000,79.3700
9,1,160.895,50.2598,0.0000,79.3700,0.0000,79.3700
10,-1,211.155,2.2402,0.0000,79.3700,0.0000,78.5800
10,2,213.395,22.0000,0.0000,78.5800,0.0000,78.5800
11,-1,235.395,2.2402,0.0000,78.5800,0.0000,79.3648
12,-1,237.635,20.2598,0.0000,79.3648,0.0000,79.3700
12,-2,257.895,2.0000,0.0000,79.3700,0.0000,83.3700
13,-1,259.895,3.0000,0.0000,105.7660,0.0000,107.9500
14,1,262.895,58.5050,0.0000,107.9500,0.0000,107.9500
15,1,321.400,37.6481,0.0000,107.9500,0.0000,107.9500
16,1,359.048,96.1531,0.0000,107.9500,0.0000,107.9500
16,-2,455.201,2.6939,0.0000,107.9500,0.0000,107.0000
17,1,457.895,20.0000,0.0000,107.0000,0.0000,107.0000
18,-1,477.895,3.0341,0.0000,107.0000,0.0000,108.0700
18,2,480.929,91.1165,0.0000,108.0700,0.0000,108.0700
19,1,572.046,91.1165,0.0000,108.0700,0.0000,108.0700
20,1,663.162,91.1165,0.0000,108.0700,0.0000,108.0700
21,1,754.279,56.5214,0.0000,108.0700,0.0000,108.0700
22,1,810.800,5.4000,0.0000,108.0700,0.0000,108.0700
23,1,816.200,29.1950,0.0000,108.0700,0.0000,108.0700
24,1,845.395,27.9425,0.0000,111.0700,0.0000,111.0700
24,-2,873.338,3.0000,0.0000,108.0700,0.0000,108.3000
25,1,876.338,51.7625,0.0000,114.1700,0.0000,114.1700
26,1,928.100,18.8000,0.0000,114.1700,0.0000,114.1700
27,1,946.900,43.3125,0.0000,114.1700,0.0000,114.1700
28,1,990.213,47.1875,0.0000,114.1700,0.0000,114.1700
29,1,1037.400,66.6875,0.0000,114.1700,0.0000,114.1700
30,1,1104.088,23.8125,0.0000,114.1700,0.0000,114.1700
31,1,1127.900,90.0625,0.0000,114.1700,0.0000,114.1700
32,1,1217.963,25.9375,0.0000,114.1700,0.0000,114.1700
33,1,1243.900,26.0000,0.0000,114.1700,0.0000,114.1700
34,1,1269.900,41.0000,0.0000,114.1700,0.0000,114.1700
35,1,1310.900,20.6375,0.0000,114.1700,0.0000,114.1700
36,1,1331.538,3.0000,0.0000,113.8500,0.0000,113.8500
36,2,1334.538,3.0000,0.0000,123.0000,0.0000,123.0000
37,-1,1337.538,28.7190,0.0000,123.0000,0.0000,109.0000
38,1,1366.257,37.0564,0.0000,109.0000,0.0000,109.0000
39,-1,1403.313,36.0246,0.0000,109.0000,0.0000,126.1000
40,1,1439.338,3.0000,0.0000,126.1000,0.0000,126.1000
41,1,1442.338,5.5625,0.0000,110.0000,0.0000,110.0000
42,1,1447.900,10.3075,0.0000,110.0000,0.0000,110.0000
43,1,1458.208,12.1925,0.0000,126.1000,0.0000,126.1000
44,1,1470.400,51.0000,0.0000,126.1000,0.0000,126.1000
45,1,1521.400,23.9375,0.0000,126.1000,0.0000,126.1000
46,-1,1545.338,33.5246,0.0000,126.2500,0.0000,109.0000
47,1,1578.862,38.4509,0.0000,109.0000,0.0000,109.0000
47,-2,1617.313,36.0246,0.0000,109.0000,0.0000,126.2500
48,1,1653.338,2.9999,0.0000,126.2500,0.0000,126.2500
49,1,1656.338,5.5626,0.0000,110.0000,0.0000,110.0000
50,1,1661.900,10.3074,0.0000,110.0000,0.0000,110.0000
51,1,1672.208,2.1926,0.0000,126.2500,0.0000,126.2500
52,1,1674.400,51.0000,0.0000,126.2500,0.0000,126.2500
53,1,1725.400,23.9374,0.0000,126.2500,0.0000,126.2500
54,-1,1749.338,33.6617,0.0000,126.2500,0.0000,109.0000
55,1,1782.999,28.3765,0.0000,109.0000,0.0000,109.0000
56,-1,1811.376,35.9617,0.0000,109.0000,0.0000,126.2500
57,1,1847.337,3.0000,0.0000,126.2500,0.0000,126.2500
58,1,1850.337,15.8700,0.0000,110.0000,0.0000,110.0000
59,1,1866.207,12.1927,0.0000,126.4000,0.0000,126.4000
60,1,1878.400,94.9060,0.0000,126.4000,0.0000,126.4000
61,1,1973.306,57.4940,0.0000,126.4000,0.0000,126.4000
62,1,2030.800,37.2867,0.0000,126.4000,0.0000,126.4000
63,1,2068.087,115.1130,0.0000,126.4000,0.0000,126.4000
64,1,2183.200,12.1073,0.0000,126.4000,0.0000,126.4000
65,1,2195.307,15.8700,0.0000,110.0000,0.0000,110.0000
66,1,2211.177,3.0000,0.0000,126.2500,0.0000,126.2500
67,-1,2214.177,36.0617,0.0000,126.2500,0.0000,109.0000
68,1,2250.239,2.4008,0.0000,109.0000,0.0000,109.0000
69,1,2252.640,25.8757,0.0000,109.0000,0.0000,109.0000
70,-1,2278.515,33.6617,0.0000,109.0000,0.0000,126.1000
71,1,2312.177,24.0626,0.0000,126.1000,0.0000,126.1000
72,1,2336.240,51.0000,0.0000,126.1000,0.0000,126.1000
73,1,2387.240,12.0674,0.0000,126.1000,0.0000,126.1000
74,1,2399.307,15.8700,0.0000,110.0000,0.0000,110.0000
75,1,2415.177,3.0000,0.0000,126.1000,0.0000,126.1000
76,-1,2418.177,33.5246,0.0000,126.1000,0.0000,109.0000
77,1,2451.702,2.5380,0.0000,109.0000,0.0000,109.0000
78,1,2454.240,28.4128,0.0000,109.0000,0.0000,109.0000
79,-1,2482.653,33.5246,0.0000,109.0000,0.0000,126.1000
80,1,2516.177,24.0626,0.0000,126.1000,0.0000,126.1000
81,1,2540.240,51.0000,0.0000,126.1000,0.0000,126.1000
82,1,2591.240,12.0674,0.0000,126.1000,0.0000,126.1000
83,1,2603.307,15.8700,0.0000,110.0000,0.0000,110.0000
84,1,2619.177,3.0000,0.0000,125.9500,0.0000,125.9500
85,-1,2622.177,33.3867,0.0000,125.9500,0.0000,109.0000
86,1,2655.564,2.6759,0.0000,109.0000,0.0000,109.0000
87,1,2658.240,33.5513,0.0000,109.0000,0.0000,109.0000
88,-1,2691.791,33.3867,0.0000,109.0000,0.0000,125.9500
89,1,2725.178,5.0000,0.0000,125.9500,0.0000,125.9500
90,1,2730.178,6.0000,0.0000,114.1700,0.0000,114.1700
91,1,2736.178,3.0000,0.0000,108.3000,0.0000,108.3000
92,1,2739.178,28.0000,0.0000,111.0700,0.0000,111.0700
93,1,2767.178,18.0695,0.0000,108.0700,0.0000,108.0700
94,1,2785.247,83.7969,0.0000,108.0700,0.0000,108.0700
95,1,2869.044,101.8660,0.0000,108.0700,0.0000,108.0700
96,1,2970.910,101.8660,0.0000,108.0700,0.0000,108.0700
97,1,3072.776,101.8660,0.0000,108.0700,0.0000,108.0700
98,-1,3174.642,3.0341,0.0000,108.0700,0.0000,107.0000
99,1,3177.676,20.0000,0.0000,107.0000,0.0000,107.0000
100,-1,3197.676,2.6939,0.0000,107.0000,0.0000,107.9500
101,1,3200.370,89.0561,0.0000,107.9500,0.0000,107.9500
102,1,3289.426,29.3126,0.0000,107.9500,0.0000,107.9500
103,1,3318.739,59.7436,0.0000,107.9500,0.0000,107.9500
104,-1,3378.482,2.6939,0.0000,107.9500,0.0000,107.0000
105,1,3381.176,22.0000,0.0000,107.0000,0.0000,107.0000
106,-1,3403.176,2.6939,0.0000,107.0000,0.0000,107.9500
107,1,3405.870,78.1062,0.0000,107.9500,0.0000,107.9500
108,-1,3483.976,64.0000,0.0000,107.9500,0.0000,104.7500
109,-1,3547.976,4.0000,0.0000,104.7500,0.0000,104.5500
110,-1,3551.976,62.0625,0.0000,104.5500,0.0000,101.4270
111,-1,3614.039,0.3990,0.0000,104.5500,0.0000,101.4270
112,-1,3614.438,1.6085,0.0000,101.4270,0.0000,98.3500
